{"cameraMode":{"drawMode":0,"name":"Shaded","section":"Shading Mode"},"sceneLighting":true,"audioPlay":false,"sceneViewState":{"m_AlwaysRefresh":false,"showFog":true,"showSkybox":true,"showFlares":true,"showImageEffects":true,"showParticleSystems":true,"showVisualEffectGraphs":true,"m_FxEnabled":true},"in2DMode":false,"pivot":{"x":-60.99778366088867,"y":1.1623575687408448,"z":83.50498962402344},"rotation":{"x":0.0035657519474625589,"y":-0.5190921425819397,"z":0.0005010057357139885,"w":0.855073094367981},"size":19.26338005065918,"orthographic":false}